common_cold	25ccf3395fc30c59db65794d5e013f78d18aa862	acetaminophen	6	0.03913824751454496	acetaminophen	i
common_cold	e6772dca340b31a4bbb94c4b02b05b24948ad536	acetaminophen	1	0.04148420435986895	acetaminophen	i
common_cold	2b88290194045684aeec654c5de658a51ae56009	active treatment	7	0.01176551830078641	active treatment	p
common_cold	0282ec5f43a905a617c0c9fe1ab431dbb71cb73d	acupuncture	8	0.02269182761374388	acupuncture	i
common_cold	0282ec5f43a905a617c0c9fe1ab431dbb71cb73d	acupuncture therapy	1	0.04538365522748776	acupuncture therapy	i
common_cold	12fa5fb107c7481e34b801f1c7980a9c20dca5b0	acute	1	0.0009375634791860608	acute	p
common_cold	2b88290194045684aeec654c5de658a51ae56009	acute	1	0.0011912326809299773	acute	p
common_cold	365132f5e9078e93e6977bbb523328b18f9feaeb	acute	2	0.006916272010860502	acute	p
common_cold	650aafc93148a52e06d8a57799994e25e2cdc41f	acute	1	0.0031718487886159387	acute	p
common_cold	65aea57b03b12548b5484d45ed0e2aedf2bfcab5	acute	1	0.004265300180081994	acute	p
common_cold	6abe8ec12651599aa05f1eccabaf99cf603af32a	acute	1	0.0080534495118509	acute	p
common_cold	aac63be64b371c7b6d8023af35ea15dc3e29a22d	acute	1	0.005907048419611632	acute	p
common_cold	b366e2842d29e3f5c7e05afa0cef1fef25d404ca	acute	1	0.0021775448723380607	acute	p
common_cold	f170c5747c27fdd43eead380dfdb129716f5698e	acute bacterial rhinosinusitis	3	0.04208756559550263	acute bacterial rhinosinusitis	p
common_cold	956804349d4ec5bf0f0c4028de5e6ad07b03bd6e	acute bronchitis	4	0.01216194728602626	acute bronchitis	p
common_cold	beeac9b67f72a77b1b91e30cf33d1e2bb431f78e	acute bronchitis	1	0.009787990557345387	acute bronchitis	p
common_cold	365132f5e9078e93e6977bbb523328b18f9feaeb	acute cough	2	0.013832544021721004	acute cough	p
common_cold	3989febbc047fe705360ca8a6226291a47ae8310	acute cough	1	0.02194524191447347	acute cough	p
common_cold	beeac9b67f72a77b1b91e30cf33d1e2bb431f78e	acute cough	3	0.04423329386086929	acute cough	p
common_cold	f1577787548550afdd8f9a7b01a586a83d23a8c4	acute cough	3	0.025532416151654008	acute cough	p
common_cold	5bbcf96743bca418bf4c995245d0d6f18121ebce	acute maxillary sinusitis	1	0.0160551217234134	acute maxillary sinusitis	p
common_cold	b09dc4fcc2d116c27afa52ae8db8a1ff067b4ee6	acute nasal congestion	3	0.035551944317656216	acute nasal congestion	p
common_cold	5bbcf96743bca418bf4c995245d0d6f18121ebce	acute otitis media	2	0.037640906767473385	acute otitis media	p
common_cold	650aafc93148a52e06d8a57799994e25e2cdc41f	acute otitis media	1	0.008314952316314624	acute otitis media	p
common_cold	65aea57b03b12548b5484d45ed0e2aedf2bfcab5	acute otitis media	2	0.004858756351787293	acute otitis media	p
common_cold	177eb71442d2ef8dcf2811559a3ff13314275b5e	acute purulent rhinitis	7	0.04974798515107291	acute purulent rhinitis	p
common_cold	5a614231e11930ae9d2f1f9da8cfa329c99aebd8	acute purulent rhinitis	2	0.18542511872107567	acute purulent rhinitis	p
common_cold	5bbcf96743bca418bf4c995245d0d6f18121ebce	acute purulent rhinitis	4	0.02615096270453189	acute purulent rhinitis	p
common_cold	5d114df370827c42dd8d4065ac506bcc8f1521df	acute purulent rhinitis	2	0.11024396681864922	acute purulent rhinitis	p
common_cold	70165306327e17901b90a4c1f41629c75412bab4	acute purulent rhinitis	2	0.17168736108898713	acute purulent rhinitis	p
common_cold	0881d4dd5dedec801eb46c417c1c8037b7ee81cd	acute respiratory infections	1	0.02076628896943371	acute respiratory infections	p
common_cold	12fa5fb107c7481e34b801f1c7980a9c20dca5b0	acute respiratory infections	1	0.0031639150177897287	acute respiratory infections	p
common_cold	4730531479e4e17e68aa1d2b82ab79b87c028de3	acute respiratory infections	1	0.007685815183299619	acute respiratory infections	p
common_cold	650aafc93148a52e06d8a57799994e25e2cdc41f	acute respiratory infections	1	0.0063436975772318775	acute respiratory infections	p
common_cold	956804349d4ec5bf0f0c4028de5e6ad07b03bd6e	acute respiratory infections	1	0.010938662435406204	acute respiratory infections	p
common_cold	65aea57b03b12548b5484d45ed0e2aedf2bfcab5	acute respiratory tract infections	1	0.011176217509259435	acute respiratory tract infections	p
common_cold	956804349d4ec5bf0f0c4028de5e6ad07b03bd6e	acute respiratory tract infections	1	0.02187732487081241	acute respiratory tract infections	p
common_cold	eba15bcfffc2739b01bbbbcf88871e3b5084a850	acute respiratory tract infections	1	0.018005523907541014	acute respiratory tract infections	p
common_cold	f1577787548550afdd8f9a7b01a586a83d23a8c4	acute respiratory tract infections	1	0.0108062533907971	acute respiratory tract infections	p
common_cold	0735a38429fbd397128b1ab6a0d47e7527a7f5ba	acute rhinosinusitis	1	0.027417105314673045	acute rhinosinusitis	p
common_cold	4526ce66efebb965b5288bb01bf83d5aa2ecdc03	acute rhinosinusitis	3	0.02867922979535355	acute rhinosinusitis	p
common_cold	6ba0af8a15423a0e9b943003bcce164144eb429e	acute rhinosinusitis	2	0.023637056519383973	acute rhinosinusitis	p
common_cold	6d6ce214fdc69f2d1e4afcb26dd6d5f037101cde	acute rhinosinusitis	1	0.018382561993224324	acute rhinosinusitis	p
common_cold	956804349d4ec5bf0f0c4028de5e6ad07b03bd6e	acute rhinosinusitis	1	0.0043754649741624815	acute rhinosinusitis	p
common_cold	aac63be64b371c7b6d8023af35ea15dc3e29a22d	acute rhinosinusitis	2	0.014864691648483053	acute rhinosinusitis	p
common_cold	eba15bcfffc2739b01bbbbcf88871e3b5084a850	acute rhinosinusitis	1	0.010207351471039476	acute rhinosinusitis	p
common_cold	6abe8ec12651599aa05f1eccabaf99cf603af32a	acute upper respiratory tract infections	2	0.0161068990237018	acute upper respiratory tract infections	p
common_cold	a7faba006b44be9387e185a04cb623c9b530e751	acute upper respiratory tract infections	2	0.034651853045510016	acute upper respiratory tract infections	p
common_cold	6abe8ec12651599aa05f1eccabaf99cf603af32a	acute urtis	1	0.010061464032520133	acute urtis	p
common_cold	6abe8ec12651599aa05f1eccabaf99cf603af32a	acute urtis	1	0.010061464032520133	acute urtis	p
common_cold	6abe8ec12651599aa05f1eccabaf99cf603af32a	acute urtis	3	0.008282999749714137	acute urtis	p
common_cold	6abe8ec12651599aa05f1eccabaf99cf603af32a	acute urtis	3	0.008282999749714137	acute urtis	p
common_cold	a7faba006b44be9387e185a04cb623c9b530e751	acute urtis	1	0.02111518384081239	acute urtis	p
common_cold	a7faba006b44be9387e185a04cb623c9b530e751	acute urtis	1	0.02111518384081239	acute urtis	p
common_cold	a7faba006b44be9387e185a04cb623c9b530e751	acute urtis	8	0.031015695684677495	acute urtis	p
common_cold	a7faba006b44be9387e185a04cb623c9b530e751	acute urtis	8	0.031015695684677495	acute urtis	p
common_cold	4526ce66efebb965b5288bb01bf83d5aa2ecdc03	adult patients	1	0.041675496141519226	adult patients	p
common_cold	6ba0af8a15423a0e9b943003bcce164144eb429e	adult patients	1	0.022435085123091315	adult patients	p
common_cold	e8241d7d885419318059c466a90c9c089fbdc9c1	allergic disease	1	0.08134259240163995	allergic disease	p
common_cold	0881d4dd5dedec801eb46c417c1c8037b7ee81cd	antibiotic intake	1	0.03445425779576247	antibiotic intake	i
common_cold	65aea57b03b12548b5484d45ed0e2aedf2bfcab5	antibiotic resistance	2	0.0167859834792255	antibiotic resistance	p
common_cold	0735a38429fbd397128b1ab6a0d47e7527a7f5ba	antibiotic therapy	1	0.029182530362912393	antibiotic therapy	i
common_cold	177eb71442d2ef8dcf2811559a3ff13314275b5e	antibiotic therapy	2	0.024171304228775833	antibiotic therapy	i
common_cold	4526ce66efebb965b5288bb01bf83d5aa2ecdc03	antibiotic therapy	2	0.03238343936696931	antibiotic therapy	i
common_cold	eba15bcfffc2739b01bbbbcf88871e3b5084a850	antibiotic therapy	1	0.008996286316931097	antibiotic therapy	i
common_cold	f170c5747c27fdd43eead380dfdb129716f5698e	antibiotic therapy	1	0.010008462844031188	antibiotic therapy	i
common_cold	4526ce66efebb965b5288bb01bf83d5aa2ecdc03	antibiotic treatment	1	0.01079447978898977	antibiotic treatment	i
common_cold	6ba0af8a15423a0e9b943003bcce164144eb429e	antibiotic treatment	1	0.04833939990501441	antibiotic treatment	i
common_cold	7bf3e1ee3e452081d62aa966e900832447e46a9d	antibiotic treatment	4	0.014480847213269353	antibiotic treatment	i
common_cold	eba15bcfffc2739b01bbbbcf88871e3b5084a850	antibiotic treatment	1	0.016692373545704887	antibiotic treatment	i
common_cold	f170c5747c27fdd43eead380dfdb129716f5698e	antibiotic treatment	1	0.009960247945480524	antibiotic treatment	i
common_cold	0881d4dd5dedec801eb46c417c1c8037b7ee81cd	antibiotic use	1	0.06890851559152494	antibiotic use	i
common_cold	5bbcf96743bca418bf4c995245d0d6f18121ebce	antibiotic use	1	0.0588835098435915	antibiotic use	i
common_cold	65aea57b03b12548b5484d45ed0e2aedf2bfcab5	antibiotic use	2	0.024940092814543537	antibiotic use	i
common_cold	a7faba006b44be9387e185a04cb623c9b530e751	antibiotic use	1	0.007922582061652916	antibiotic use	i
common_cold	d1ef83bd13d0af201e8f6a0615b0b86e3639cfca	antibiotic use	1	0.0314621783481581	antibiotic use	i
common_cold	eba15bcfffc2739b01bbbbcf88871e3b5084a850	antibiotic use	1	0.017992572633862194	antibiotic use	i
common_cold	f59b380e3a3c9a60fa974994f817047ec272242c	antibiotic use	1	0.1673601043013618	antibiotic use	i
common_cold	0735a38429fbd397128b1ab6a0d47e7527a7f5ba	antibiotics	2	0.058365060725824786	antibiotics	i
common_cold	177eb71442d2ef8dcf2811559a3ff13314275b5e	antibiotics	7	0.048342608457551665	antibiotics	i
common_cold	2b88290194045684aeec654c5de658a51ae56009	antibiotics	1	0.007350904045528769	antibiotics	i
common_cold	5a614231e11930ae9d2f1f9da8cfa329c99aebd8	antibiotics	1	0.1587796160383486	antibiotics	i
common_cold	5bbcf96743bca418bf4c995245d0d6f18121ebce	antibiotics	3	0.02944175492179575	antibiotics	i
common_cold	5d114df370827c42dd8d4065ac506bcc8f1521df	antibiotics	1	0.06913253802785559	antibiotics	i
common_cold	650aafc93148a52e06d8a57799994e25e2cdc41f	antibiotics	1	0.0027186031588706384	antibiotics	i
common_cold	65aea57b03b12548b5484d45ed0e2aedf2bfcab5	antibiotics	7	0.067143933916902	antibiotics	i
common_cold	6abe8ec12651599aa05f1eccabaf99cf603af32a	antibiotics	1	0.002792154473787332	antibiotics	i
common_cold	6ba0af8a15423a0e9b943003bcce164144eb429e	antibiotics	2	0.024169699952507204	antibiotics	i
common_cold	6d6ce214fdc69f2d1e4afcb26dd6d5f037101cde	antibiotics	2	0.009185067559617661	antibiotics	i
common_cold	70165306327e17901b90a4c1f41629c75412bab4	antibiotics	2	0.167224534374925	antibiotics	i
common_cold	7bf3e1ee3e452081d62aa966e900832447e46a9d	antibiotics	1	0.010353093175105282	antibiotics	i
common_cold	beeac9b67f72a77b1b91e30cf33d1e2bb431f78e	antibiotics	2	0.009895843229132511	antibiotics	i
common_cold	d1ef83bd13d0af201e8f6a0615b0b86e3639cfca	antibiotics	1	0.006546806969720908	antibiotics	i
common_cold	d48b4269c3052843af4e92a9cd7c592ff5c589bd	antibiotics	1	0.01003856169268924	antibiotics	i
common_cold	eba15bcfffc2739b01bbbbcf88871e3b5084a850	antibiotics	1	0.03598514526772439	antibiotics	i
common_cold	f80fc5c282c30868a7d06963c1543b70c40bbfa3	antibiotics	1	0.009817149343264593	antibiotics	i
common_cold	2b88290194045684aeec654c5de658a51ae56009	antihistamines	1	0.004136464763976202	antihistamines	i
common_cold	69936cd35718ac50595ce0741f7c4b5d773c34ea	antihistamines	1	0.026828084836006016	antihistamines	i
common_cold	bc8751b72349119c04f88b7f5b6e9aa671f0c940	antihistamines	7	0.04680878795825803	antihistamines	i
common_cold	d48b4269c3052843af4e92a9cd7c592ff5c589bd	antihistamines	2	0.018901308000848226	antihistamines	i
common_cold	7e6c32f8f0b6993600bef6c1b7e4fc18c947a4b5	asian ginseng	1	0.03653086219646442	asian ginseng	i
common_cold	e10814076ff57a9660de3528892eca72e1b47716	asian ginseng	2	0.049221406578716285	asian ginseng	i
common_cold	3437ebf265ee1cc9c94d9ff7ae7077b9b4d3af58	bad taste	1	0.0040467086662692026	bad taste	o
common_cold	99a12701ff4179bb8579c81a21db8e2b8123f0d8	bad taste	2	0.014766859741610159	bad taste	o
common_cold	eb241b69ebd2fe3da846d15787024beb749b015c	body temperature	2	0.009696949074981668	body temperature	o
common_cold	0282ec5f43a905a617c0c9fe1ab431dbb71cb73d	bronchitis	2	0.003465858345485966	bronchitis	p
common_cold	65aea57b03b12548b5484d45ed0e2aedf2bfcab5	bronchitis	1	0.0022457841648304178	bronchitis	p
common_cold	7bf3e1ee3e452081d62aa966e900832447e46a9d	bronchitis	3	0.006492588125446142	bronchitis	p
common_cold	956804349d4ec5bf0f0c4028de5e6ad07b03bd6e	bronchitis	4	0.00608097364301313	bronchitis	p
common_cold	beeac9b67f72a77b1b91e30cf33d1e2bb431f78e	bronchitis	2	0.0067318492162117705	bronchitis	p
common_cold	375e8e05eab7523d6800227273493e8fc579158c	china	5	0.07832566396803844	china	p
common_cold	6c474a428713fe47fd9be07a2a50509fcafd8c30	china	1	0.03306126150259998	china	p
common_cold	a7faba006b44be9387e185a04cb623c9b530e751	china	1	0.0033338610487190063	china	p
common_cold	b366e2842d29e3f5c7e05afa0cef1fef25d404ca	china	1	0.029099936601615667	china	p
common_cold	ea1fb17955986dc8fe84b765b63d8528f708017b	china	2	0.005527112255522052	china	p
common_cold	375e8e05eab7523d6800227273493e8fc579158c	chinese	2	0.004281583654202059	chinese	p
common_cold	a7faba006b44be9387e185a04cb623c9b530e751	chinese	2	0.00080224964287597	chinese	p
common_cold	b366e2842d29e3f5c7e05afa0cef1fef25d404ca	chinese	1	0.009420537544680963	chinese	p
common_cold	ea1fb17955986dc8fe84b765b63d8528f708017b	chinese	4	0.014833177098077266	chinese	p
common_cold	b366e2842d29e3f5c7e05afa0cef1fef25d404ca	chinese herbal medicines	1	0.004095892248075616	chinese herbal medicines	i
common_cold	b366e2842d29e3f5c7e05afa0cef1fef25d404ca	chinese herbal preparation	1	0.007484736908403044	chinese herbal preparation	i
common_cold	b366e2842d29e3f5c7e05afa0cef1fef25d404ca	chinese medicinal herbs	4	0.018841075089361926	chinese medicinal herbs	i
common_cold	eb241b69ebd2fe3da846d15787024beb749b015c	chinese medicine	2	0.016517263322457017	chinese medicine	i
common_cold	99a12701ff4179bb8579c81a21db8e2b8123f0d8	citric acid	1	0.009158029664776595	citric acid	i
common_cold	a247260a6cfe38b2ee9ce81e0a680bddd23e08f3	citric acid	1	0.014417612792453818	citric acid	i
common_cold	36d68a499c04729ceaa7e66c566b3318008a6daf	cold episode	1	0.01768794439769813	cold episode	o
common_cold	90091a355d8533c59ba4e5b5d4a211019052b8fc	cold episode	1	0.01056075403871451	cold episode	o
common_cold	13fac2a99415cbd44f3f57762318a8d8d6f490dd	cold symptoms	1	0.012236681854624398	cold symptoms	p
common_cold	3181eb070860cc862d7be27f5fa375d4cef44ccd	cold symptoms	1	0.015554801742254485	cold symptoms	p
common_cold	3437ebf265ee1cc9c94d9ff7ae7077b9b4d3af58	cold symptoms	2	0.022891352217510298	cold symptoms	p
common_cold	99a12701ff4179bb8579c81a21db8e2b8123f0d8	cold symptoms	1	0.044377050609968965	cold symptoms	p
common_cold	a247260a6cfe38b2ee9ce81e0a680bddd23e08f3	cold symptoms	3	0.025446968711526637	cold symptoms	p
common_cold	d0470e984ca5fdb2482e9b9e0ad7587cc44974e2	cold symptoms	1	0.024689479249962034	cold symptoms	p
common_cold	d505c8cedf02953f92881c7c98289e3d369b0144	cold symptoms	1	0.017009656899460882	cold symptoms	p
common_cold	eac86e3fff8704609738c27a17b47eed38c7d890	cold symptoms	3	0.059049659264505706	cold symptoms	p
common_cold	a247260a6cfe38b2ee9ce81e0a680bddd23e08f3	common adverse effects	1	0.015585578720823348	common adverse effects	o
common_cold	0282ec5f43a905a617c0c9fe1ab431dbb71cb73d	common cold	2	0.017363357275224423	common cold	p
common_cold	0881d4dd5dedec801eb46c417c1c8037b7ee81cd	common cold	1	0.00817395328454187	common cold	p
common_cold	0cd69eed496af51ff6ecd9b2c8e6e81f3886448d	common cold	2	0.08292381390840575	common cold	p
common_cold	10c7d86cd68fe41184d6e51f37effdd67ef1b477	common cold	3	0.018433681385762495	common cold	p
common_cold	12fa5fb107c7481e34b801f1c7980a9c20dca5b0	common cold	5	0.011348299632380576	common cold	p
common_cold	130a75748ab136b2ded8a44ae96b7dea86d3c541	common cold	6	0.045261362684053265	common cold	p
common_cold	13fac2a99415cbd44f3f57762318a8d8d6f490dd	common cold	1	0.015831460731977203	common cold	p
common_cold	177eb71442d2ef8dcf2811559a3ff13314275b5e	common cold	5	0.025615207838580654	common cold	p
common_cold	1fbda808dbc1f045c72ae56b782fe1e25c2cc87c	common cold	1	0.029432570947751646	common cold	p
common_cold	215b81689e9456a8fdd66e42d10e352725634c60	common cold	1	0.05087431807185208	common cold	p
common_cold	24a10fd32e98e984f1598643028fa999c4445046	common cold	3	0.09235806089685085	common cold	p
common_cold	25ccf3395fc30c59db65794d5e013f78d18aa862	common cold	6	0.05441460223589223	common cold	p
common_cold	2714d44f8c329516c2b2dacae3c6246d94e208c0	common cold	6	0.05795897190654559	common cold	p
common_cold	2b88290194045684aeec654c5de658a51ae56009	common cold	3	0.019510984494285562	common cold	p
common_cold	2fc24d3b2cc765f58086d2b32efed28ef4e3ffc5	common cold	6	0.05371700856672816	common cold	p
common_cold	3437ebf265ee1cc9c94d9ff7ae7077b9b4d3af58	common cold	2	0.027999071824795083	common cold	p
common_cold	365132f5e9078e93e6977bbb523328b18f9feaeb	common cold	2	0.019752080789603877	common cold	p
common_cold	36d68a499c04729ceaa7e66c566b3318008a6daf	common cold	2	0.03537588879539626	common cold	p
common_cold	375e8e05eab7523d6800227273493e8fc579158c	common cold	5	0.046108001140986524	common cold	p
common_cold	3989febbc047fe705360ca8a6226291a47ae8310	common cold	2	0.016692156193681685	common cold	p
common_cold	39fd1cdb782227eff03be1c2a67c6e512ff90206	common cold	5	0.01960664932493219	common cold	p
common_cold	427f17be837aaa4127938a789705e95a3633bd51	common cold	1	0.3942171214309071	common cold	p
common_cold	4bf41674f925a8b7f702f44d34c658b423e518e9	common cold	1	0.003758343730273022	common cold	p
common_cold	53457a6437b8f6061fca1abfe159e4b0fe7c24c2	common cold	5	0.02491867005279294	common cold	p
common_cold	53e44a9e4866193d9cd8143d5da0a6ed78861240	common cold	1	0.03586367220245275	common cold	p
common_cold	5bbcf96743bca418bf4c995245d0d6f18121ebce	common cold	2	0.017162925610172193	common cold	p
common_cold	650aafc93148a52e06d8a57799994e25e2cdc41f	common cold	4	0.014199627023926924	common cold	p
common_cold	65aea57b03b12548b5484d45ed0e2aedf2bfcab5	common cold	2	0.008027759930408374	common cold	p
common_cold	6783438b8833180de789d1d0b913230a0e7e8418	common cold	1	0.031282487389498084	common cold	p
common_cold	679d1fe0fd4066dd87bbdb69231d74ea18566061	common cold	2	0.025895897740064705	common cold	p
common_cold	69936cd35718ac50595ce0741f7c4b5d773c34ea	common cold	4	0.03621296626391863	common cold	p
common_cold	6abe8ec12651599aa05f1eccabaf99cf603af32a	common cold	1	0.008893630575979401	common cold	p
common_cold	6c474a428713fe47fd9be07a2a50509fcafd8c30	common cold	6	0.03584773565050749	common cold	p
common_cold	71c6fc312919d2a780384ab47ab34ffdaff71726	common cold	1	0.27143831151519876	common cold	p
common_cold	72a776e91a2b62a773119ea16b7dcf59726a539f	common cold	2	0.007742010946254305	common cold	p
common_cold	74262b81104c8a17875c7444b5d77ff6bc2d9613	common cold	1	0.2838677333101168	common cold	p
common_cold	7bf3e1ee3e452081d62aa966e900832447e46a9d	common cold	1	0.007295450130320354	common cold	p
common_cold	7e6c32f8f0b6993600bef6c1b7e4fc18c947a4b5	common cold	4	0.04960889312661168	common cold	p
common_cold	85c257a93e31661cf17a2c4b0c36618b1133c757	common cold	3	0.11781338835706132	common cold	p
common_cold	85d1589eb77ca6d510641fcf3fe420f8c3e9b8f9	common cold	1	0.014624470380412273	common cold	p
common_cold	956804349d4ec5bf0f0c4028de5e6ad07b03bd6e	common cold	2	0.00967300565485116	common cold	p
common_cold	99a12701ff4179bb8579c81a21db8e2b8123f0d8	common cold	5	0.08489575125493813	common cold	p
common_cold	9ae447cde3eedabe3a8480880186e8380e7dc9d0	common cold	1	0.009332900309967121	common cold	p
common_cold	9c70c96278b8412ef1e74315f2ed801f789ad177	common cold	5	0.037196789386268504	common cold	p
common_cold	a247260a6cfe38b2ee9ce81e0a680bddd23e08f3	common cold	5	0.031171157441646696	common cold	p
common_cold	b09dc4fcc2d116c27afa52ae8db8a1ff067b4ee6	common cold	4	0.022755249857970877	common cold	p
common_cold	b266cd12c78b98fa99bc8bb66936aa1e49c6b94a	common cold	5	0.03910969375583463	common cold	p
common_cold	b366e2842d29e3f5c7e05afa0cef1fef25d404ca	common cold	5	0.030074907377222505	common cold	p
common_cold	ba1c642f6eff4a99f8085caf97b8c6c17bf8cb1b	common cold	4	0.06574949452314895	common cold	p
common_cold	bc8751b72349119c04f88b7f5b6e9aa671f0c940	common cold	6	0.03270818350005153	common cold	p
common_cold	c0b8d0fd86587455cc5a86d7a6c5933ca54e1532	common cold	2	0.05370130574723714	common cold	p
common_cold	c4faf4e6f3ce208c95db7ee70493545f364fd61c	common cold	4	0.0391739834640518	common cold	p
common_cold	c5d39983c841cc210b4ca2a5c962b3f9fdc3d266	common cold	1	0.010068597633752396	common cold	p
common_cold	d48b4269c3052843af4e92a9cd7c592ff5c589bd	common cold	2	0.021170703587493466	common cold	p
common_cold	d505c8cedf02953f92881c7c98289e3d369b0144	common cold	1	0.02551448534919132	common cold	p
common_cold	d52933cc53dd3319a5a4a6e41925993bcc982ffa	common cold	4	0.051223755125310834	common cold	p
common_cold	d681ba16d6dadbaa25e75b9d071ff2e2bd08bdc8	common cold	6	0.047062199279222394	common cold	p
common_cold	e6772dca340b31a4bbb94c4b02b05b24948ad536	common cold	1	0.03050692147805399	common cold	p
common_cold	e8241d7d885419318059c466a90c9c089fbdc9c1	common cold	3	0.04716160492938224	common cold	p
common_cold	ea1fb17955986dc8fe84b765b63d8528f708017b	common cold	6	0.023279107304793416	common cold	p
common_cold	eac86e3fff8704609738c27a17b47eed38c7d890	common cold	5	0.0604577826872644	common cold	p
common_cold	eb241b69ebd2fe3da846d15787024beb749b015c	common cold	5	0.03871813758126901	common cold	p
common_cold	f40a1732387c1d3bc2304ffb17fb65fac011d1af	common cold	7	0.03906870110616401	common cold	p
common_cold	f80fc5c282c30868a7d06963c1543b70c40bbfa3	common cold	2	0.02077159907274715	common cold	p
common_cold	0cd69eed496af51ff6ecd9b2c8e6e81f3886448d	common cold duration	1	0.022484046053861593	common cold duration	o
common_cold	53e44a9e4866193d9cd8143d5da0a6ed78861240	common cold duration	2	0.032202708530001734	common cold duration	o
common_cold	d505c8cedf02953f92881c7c98289e3d369b0144	common cold duration	1	0.02059954405984096	common cold duration	o
common_cold	d52933cc53dd3319a5a4a6e41925993bcc982ffa	common cold duration	3	0.02960357208811161	common cold duration	o
common_cold	215b81689e9456a8fdd66e42d10e352725634c60	common cold incidence	4	0.035666008980792925	common cold incidence	o
common_cold	50bfeca61b425808c97bcb0ec3ed45abb4133835	common cold incidence	3	0.033463331134167836	common cold incidence	o
common_cold	f081b4422f52729fe9b72927173a3157a5ded872	common cold incidence	1	0.01868931161495026	common cold incidence	o
common_cold	f40a1732387c1d3bc2304ffb17fb65fac011d1af	common cold incidence	2	0.013022900368721337	common cold incidence	o
common_cold	215b81689e9456a8fdd66e42d10e352725634c60	common cold infections	1	0.012655228199639747	common cold infections	p
common_cold	50bfeca61b425808c97bcb0ec3ed45abb4133835	common cold infections	1	0.02723759680188213	common cold infections	p
common_cold	90091a355d8533c59ba4e5b5d4a211019052b8fc	common cold infections	1	0.02112150807742902	common cold infections	p
common_cold	0cd69eed496af51ff6ecd9b2c8e6e81f3886448d	common cold patients	5	0.056814354514020254	common cold patients	p
common_cold	2cb021728bb84f0826a5b185950600629cc2b39a	common cold patients	1	0.046485862685524244	common cold patients	p
common_cold	2cb021728bb84f0826a5b185950600629cc2b39a	common cold patients	2	0.015495287561841415	common cold patients	p
common_cold	d505c8cedf02953f92881c7c98289e3d369b0144	common cold patients	1	0.007289852956911806	common cold patients	p
common_cold	d52933cc53dd3319a5a4a6e41925993bcc982ffa	common cold patients	1	0.010244751025062167	common cold patients	p
common_cold	eb241b69ebd2fe3da846d15787024beb749b015c	common cold patients	2	0.019359068790634506	common cold patients	p
common_cold	d681ba16d6dadbaa25e75b9d071ff2e2bd08bdc8	common cold prevention	1	0.023531099639611197	common cold prevention	p
common_cold	e8241d7d885419318059c466a90c9c089fbdc9c1	common cold prevention	1	0.03041565459129793	common cold prevention	p
common_cold	f1577787548550afdd8f9a7b01a586a83d23a8c4	common respiratory tract infections	1	0.009868124174150826	common respiratory tract infections	p
common_cold	12fa5fb107c7481e34b801f1c7980a9c20dca5b0	congestion	1	0.00971819793522125	congestion	p
common_cold	39fd1cdb782227eff03be1c2a67c6e512ff90206	congestion	3	0.010758330942218942	congestion	p
common_cold	b09dc4fcc2d116c27afa52ae8db8a1ff067b4ee6	congestion	3	0.007602716659213786	congestion	p
common_cold	bc8751b72349119c04f88b7f5b6e9aa671f0c940	congestion	1	0.003799686099263442	congestion	p
common_cold	f40a1732387c1d3bc2304ffb17fb65fac011d1af	congestion	1	0.003982168403708568	congestion	p
common_cold	0282ec5f43a905a617c0c9fe1ab431dbb71cb73d	cough	1	0.005636966632956958	cough	p
common_cold	10c7d86cd68fe41184d6e51f37effdd67ef1b477	cough	1	0.03017145420758843	cough	p
common_cold	25ccf3395fc30c59db65794d5e013f78d18aa862	cough	1	0.005425088323196285	cough	p
common_cold	2b88290194045684aeec654c5de658a51ae56009	cough	1	0.0036774183891003336	cough	p
common_cold	365132f5e9078e93e6977bbb523328b18f9feaeb	cough	2	0.0051673567810944536	cough	p
common_cold	3989febbc047fe705360ca8a6226291a47ae8310	cough	1	0.04389048382894694	cough	p
common_cold	65aea57b03b12548b5484d45ed0e2aedf2bfcab5	cough	3	0.005107694607348383	cough	p
common_cold	6783438b8833180de789d1d0b913230a0e7e8418	cough	1	0.04161695614684554	cough	p
common_cold	7bf3e1ee3e452081d62aa966e900832447e46a9d	cough	2	0.005023629714228503	cough	p
common_cold	9c70c96278b8412ef1e74315f2ed801f789ad177	cough	1	0.00942891778859309	cough	p
common_cold	b09dc4fcc2d116c27afa52ae8db8a1ff067b4ee6	cough	1	0.004158266029788412	cough	p
common_cold	beeac9b67f72a77b1b91e30cf33d1e2bb431f78e	cough	1	0.022116646930434646	cough	p
common_cold	f1577787548550afdd8f9a7b01a586a83d23a8c4	cough	4	0.012766208075827004	cough	p
common_cold	f40a1732387c1d3bc2304ffb17fb65fac011d1af	cough	1	0.006116349167600277	cough	p
common_cold	0282ec5f43a905a617c0c9fe1ab431dbb71cb73d	cough variant asthma	1	0.02665737376535331	cough variant asthma	p
common_cold	375e8e05eab7523d6800227273493e8fc579158c	cphms	1	0.0037158092021218627	cphms	i
common_cold	375e8e05eab7523d6800227273493e8fc579158c	cphms	2	0.04787644385287471	cphms	i
common_cold	6c474a428713fe47fd9be07a2a50509fcafd8c30	cpms	2	0.023241012088747976	cpms	i
common_cold	4730531479e4e17e68aa1d2b82ab79b87c028de3	days absent	1	0.014602106006039586	days absent	o
common_cold	10c7d86cd68fe41184d6e51f37effdd67ef1b477	decongestants	2	0.007324648939566663	decongestants	i
common_cold	12fa5fb107c7481e34b801f1c7980a9c20dca5b0	decongestants	24	0.015021366302851285	decongestants	i
common_cold	2b88290194045684aeec654c5de658a51ae56009	decongestants	1	0.0027639940907005956	decongestants	i
common_cold	d48b4269c3052843af4e92a9cd7c592ff5c589bd	decongestants	2	0.01994526420488459	decongestants	i
common_cold	f80fc5c282c30868a7d06963c1543b70c40bbfa3	decongestants	2	0.01830316510936609	decongestants	i
common_cold	b366e2842d29e3f5c7e05afa0cef1fef25d404ca	different chinese herbal preparations	1	0.014969473816806089	different chinese herbal preparations	i
common_cold	10c7d86cd68fe41184d6e51f37effdd67ef1b477	echinacea	1	0.0012844940624740138	echinacea	i
common_cold	1fbda808dbc1f045c72ae56b782fe1e25c2cc87c	echinacea	4	0.020484920020476954	echinacea	i
common_cold	36d68a499c04729ceaa7e66c566b3318008a6daf	echinacea	11	0.014438415480364735	echinacea	i
common_cold	427f17be837aaa4127938a789705e95a3633bd51	echinacea	1	0.08781946153105452	echinacea	i
common_cold	6783438b8833180de789d1d0b913230a0e7e8418	echinacea	2	0.007305953055674312	echinacea	i
common_cold	679d1fe0fd4066dd87bbdb69231d74ea18566061	echinacea	1	0.0413726681831142	echinacea	i
common_cold	7e6c32f8f0b6993600bef6c1b7e4fc18c947a4b5	echinacea	3	0.01561071977746436	echinacea	i
common_cold	85c257a93e31661cf17a2c4b0c36618b1133c757	echinacea	4	0.02925630632876763	echinacea	i
common_cold	b266cd12c78b98fa99bc8bb66936aa1e49c6b94a	echinacea	3	0.03147332891005618	echinacea	i
common_cold	c4faf4e6f3ce208c95db7ee70493545f364fd61c	echinacea	3	0.026244249274947493	echinacea	i
common_cold	d48b4269c3052843af4e92a9cd7c592ff5c589bd	echinacea	1	0.009926140216811282	echinacea	i
common_cold	f80fc5c282c30868a7d06963c1543b70c40bbfa3	echinacea	1	0.009488169800555373	echinacea	i
common_cold	36d68a499c04729ceaa7e66c566b3318008a6daf	echinacea purpurea	1	0.005775366192145894	echinacea purpurea	i
common_cold	7e6c32f8f0b6993600bef6c1b7e4fc18c947a4b5	echinacea purpurea	2	0.03122143955492872	echinacea purpurea	i
common_cold	5bbcf96743bca418bf4c995245d0d6f18121ebce	fever	1	0.0041762806929329255	fever	o
common_cold	65aea57b03b12548b5484d45ed0e2aedf2bfcab5	fever	2	0.0036150028971983802	fever	o
common_cold	9c70c96278b8412ef1e74315f2ed801f789ad177	fever	1	0.004824581686727391	fever	o
common_cold	a55483d03638ba79ed3baa4b57ff4966068684e6	fever	1	0.15747025863502112	fever	o
common_cold	ea1fb17955986dc8fe84b765b63d8528f708017b	fever	1	0.002609838398152642	fever	o
common_cold	eb241b69ebd2fe3da846d15787024beb749b015c	fever	1	0.008482431532560305	fever	o
common_cold	eba15bcfffc2739b01bbbbcf88871e3b5084a850	fever	1	0.009965560951238073	fever	o
common_cold	f40a1732387c1d3bc2304ffb17fb65fac011d1af	fever	1	0.0064661690230240505	fever	o
common_cold	50bfeca61b425808c97bcb0ec3ed45abb4133835	frequent upper respiratory infections	1	0.01815839786792142	frequent upper respiratory infections	p
common_cold	7e6c32f8f0b6993600bef6c1b7e4fc18c947a4b5	garlic	1	0.004636803010712846	garlic	i
common_cold	9ae447cde3eedabe3a8480880186e8380e7dc9d0	garlic	2	0.03347697840173735	garlic	i
common_cold	d681ba16d6dadbaa25e75b9d071ff2e2bd08bdc8	garlic	2	0.04197977340544106	garlic	i
common_cold	d681ba16d6dadbaa25e75b9d071ff2e2bd08bdc8	garlic supplement	2	0.02098988670272053	garlic supplement	i
common_cold	3181eb070860cc862d7be27f5fa375d4cef44ccd	gluconate	3	0.017343455224457415	gluconate	i
common_cold	53457a6437b8f6061fca1abfe159e4b0fe7c24c2	gluconate	1	0.0034373682887503328	gluconate	i
common_cold	59cecd9ebaf5ec30c455fd9c352a5eb824fe755d	gluconate	1	0.012963617341916072	gluconate	i
common_cold	99a12701ff4179bb8579c81a21db8e2b8123f0d8	gluconate	7	0.027863548576249404	gluconate	i
common_cold	a247260a6cfe38b2ee9ce81e0a680bddd23e08f3	gluconate	3	0.005632985335356805	gluconate	i
common_cold	d52933cc53dd3319a5a4a6e41925993bcc982ffa	gluconate	4	0.013611703385703312	gluconate	i
common_cold	2fc24d3b2cc765f58086d2b32efed28ef4e3ffc5	healthy adults	1	0.032692034153934034	healthy adults	p
common_cold	e10814076ff57a9660de3528892eca72e1b47716	healthy adults	1	0.028276918824413664	healthy adults	p
common_cold	e10814076ff57a9660de3528892eca72e1b47716	healthy adults	3	0.0288469984900966	healthy adults	p
common_cold	4730531479e4e17e68aa1d2b82ab79b87c028de3	healthy children	3	0.013117111900665343	healthy children	p
common_cold	130a75748ab136b2ded8a44ae96b7dea86d3c541	heated water vapour	2	0.01744416467862758	heated water vapour	i
common_cold	50bfeca61b425808c97bcb0ec3ed45abb4133835	heavy exercise	1	0.013251004409590789	heavy exercise	i
common_cold	679d1fe0fd4066dd87bbdb69231d74ea18566061	herbal preparation	1	0.012929776383914847	herbal preparation	i
common_cold	b366e2842d29e3f5c7e05afa0cef1fef25d404ca	herbs	4	0.007971625402821808	herbs	i
common_cold	39fd1cdb782227eff03be1c2a67c6e512ff90206	ib	3	0.04209076196943387	ib	i
common_cold	3989febbc047fe705360ca8a6226291a47ae8310	influenza	1	0.0035531247757602017	influenza	p
common_cold	7e6c32f8f0b6993600bef6c1b7e4fc18c947a4b5	influenza	1	0.00933275696096639	influenza	p
common_cold	85d1589eb77ca6d510641fcf3fe420f8c3e9b8f9	influenza	1	0.004608310653595656	influenza	p
common_cold	beeac9b67f72a77b1b91e30cf33d1e2bb431f78e	influenza	1	0.005717493300984075	influenza	p
common_cold	39fd1cdb782227eff03be1c2a67c6e512ff90206	intranasal ipratropium bromide	2	0.005082084505856419	intranasal ipratropium bromide	i
common_cold	2fc24d3b2cc765f58086d2b32efed28ef4e3ffc5	intranasal zinc	4	0.053157667355584005	intranasal zinc	i
common_cold	6abe8ec12651599aa05f1eccabaf99cf603af32a	irrigation	5	0.0052401874483662975	irrigation	o
common_cold	0282ec5f43a905a617c0c9fe1ab431dbb71cb73d	japan	3	0.011597272665398783	japan	p
common_cold	0282ec5f43a905a617c0c9fe1ab431dbb71cb73d	moxibustion therapy	3	0.013740648325248786	moxibustion therapy	i
common_cold	12fa5fb107c7481e34b801f1c7980a9c20dca5b0	nasal airway resistance	1	0.010975252062715263	nasal airway resistance	p
common_cold	b09dc4fcc2d116c27afa52ae8db8a1ff067b4ee6	nasal airway resistance	1	0.011344430099118227	nasal airway resistance	p
common_cold	10c7d86cd68fe41184d6e51f37effdd67ef1b477	nasal decongestants	1	0.007324648939566663	nasal decongestants	i
common_cold	12fa5fb107c7481e34b801f1c7980a9c20dca5b0	nasal decongestants	10	0.03292575618814579	nasal decongestants	i
common_cold	b09dc4fcc2d116c27afa52ae8db8a1ff067b4ee6	nasal decongestants	3	0.017775972158828108	nasal decongestants	i
common_cold	69936cd35718ac50595ce0741f7c4b5d773c34ea	nasal discharge	1	0.013428273944403176	nasal discharge	i
common_cold	25ccf3395fc30c59db65794d5e013f78d18aa862	nasal obstruction	2	0.013551639974057453	nasal obstruction	p
common_cold	2b88290194045684aeec654c5de658a51ae56009	nasal obstruction	1	0.004525840917897882	nasal obstruction	p
common_cold	bc8751b72349119c04f88b7f5b6e9aa671f0c940	nasal obstruction	1	0.0076564931041336656	nasal obstruction	p
common_cold	130a75748ab136b2ded8a44ae96b7dea86d3c541	nasal resistance	2	0.023165917804427158	nasal resistance	p
common_cold	13fac2a99415cbd44f3f57762318a8d8d6f490dd	nasal symptoms	1	0.016315575806165866	nasal symptoms	p
common_cold	69936cd35718ac50595ce0741f7c4b5d773c34ea	nasal symptoms	1	0.02300674601206436	nasal symptoms	p
common_cold	9c70c96278b8412ef1e74315f2ed801f789ad177	nasal symptoms	1	0.01744288555730469	nasal symptoms	p
common_cold	9c70c96278b8412ef1e74315f2ed801f789ad177	non-steroidal anti-inflammatory drugs	2	0.010200541322972781	non-steroidal anti-inflammatory drugs	i
common_cold	e6772dca340b31a4bbb94c4b02b05b24948ad536	non-steroidal anti-inflammatory drugs	1	0.010203467756156296	non-steroidal anti-inflammatory drugs	i
common_cold	e6772dca340b31a4bbb94c4b02b05b24948ad536	non-steroidal anti-inflammatory drugs	1	0.01718575032071366	non-steroidal anti-inflammatory drugs	i
common_cold	50bfeca61b425808c97bcb0ec3ed45abb4133835	northern canada	1	0.028102867078179213	northern canada	p
common_cold	9c70c96278b8412ef1e74315f2ed801f789ad177	nsaids	2	0.026444985283593007	nsaids	i
common_cold	9c70c96278b8412ef1e74315f2ed801f789ad177	nsaids	2	0.026444985283593007	nsaids	i
common_cold	9c70c96278b8412ef1e74315f2ed801f789ad177	nsaids	3	0.021999404168014627	nsaids	i
common_cold	9c70c96278b8412ef1e74315f2ed801f789ad177	nsaids	3	0.021999404168014627	nsaids	i
common_cold	e6772dca340b31a4bbb94c4b02b05b24948ad536	nsaids	1	0.008156306191219848	nsaids	i
common_cold	e6772dca340b31a4bbb94c4b02b05b24948ad536	nsaids	1	0.008156306191219848	nsaids	i
common_cold	e6772dca340b31a4bbb94c4b02b05b24948ad536	nsaids	2	0.00870227748385779	nsaids	i
common_cold	e6772dca340b31a4bbb94c4b02b05b24948ad536	nsaids	2	0.00870227748385779	nsaids	i
common_cold	5bbcf96743bca418bf4c995245d0d6f18121ebce	pain	1	0.003050684249879025	pain	o
common_cold	65aea57b03b12548b5484d45ed0e2aedf2bfcab5	pain	2	0.005403506912594594	pain	o
common_cold	9c70c96278b8412ef1e74315f2ed801f789ad177	pain	3	0.007258535097851597	pain	o
common_cold	a55483d03638ba79ed3baa4b57ff4966068684e6	pain	1	0.14570780900371558	pain	o
common_cold	e6772dca340b31a4bbb94c4b02b05b24948ad536	pain	1	0.0030001027168226357	pain	o
common_cold	eba15bcfffc2739b01bbbbcf88871e3b5084a850	pain	1	0.009246995333912461	pain	o
common_cold	e6772dca340b31a4bbb94c4b02b05b24948ad536	pain relief	1	0.015315242791862001	pain relief	o
common_cold	7e6c32f8f0b6993600bef6c1b7e4fc18c947a4b5	panax	2	0.009437615423469688	panax	i
common_cold	e10814076ff57a9660de3528892eca72e1b47716	panax	4	0.009527469578449252	panax	i
common_cold	7e6c32f8f0b6993600bef6c1b7e4fc18c947a4b5	panax ginseng	1	0.018875230846939376	panax ginseng	i
common_cold	e10814076ff57a9660de3528892eca72e1b47716	panax ginseng	2	0.024610703289358143	panax ginseng	i
common_cold	7e6c32f8f0b6993600bef6c1b7e4fc18c947a4b5	panax quinquefolius	1	0.015869202123795972	panax quinquefolius	i
common_cold	e10814076ff57a9660de3528892eca72e1b47716	panax quinquefolius	2	0.019054939156898505	panax quinquefolius	i
common_cold	ba1c642f6eff4a99f8085caf97b8c6c17bf8cb1b	pathogenesis	4	0.02314971215979918	pathogenesis	p
common_cold	65aea57b03b12548b5484d45ed0e2aedf2bfcab5	patient satisfaction	4	0.020015365355549344	patient satisfaction	o
common_cold	0735a38429fbd397128b1ab6a0d47e7527a7f5ba	placebo group	1	0.007237821258442186	placebo group	c
common_cold	12fa5fb107c7481e34b801f1c7980a9c20dca5b0	placebo group	2	0.0157582919400937	placebo group	c
common_cold	25ccf3395fc30c59db65794d5e013f78d18aa862	placebo group	2	0.010010092235432477	placebo group	c
common_cold	2b88290194045684aeec654c5de658a51ae56009	placebo group	1	0.008921443010940232	placebo group	c
common_cold	3437ebf265ee1cc9c94d9ff7ae7077b9b4d3af58	placebo group	1	0.00726175823804702	placebo group	c
common_cold	650aafc93148a52e06d8a57799994e25e2cdc41f	placebo group	1	0.0164169198040918	placebo group	c
common_cold	d681ba16d6dadbaa25e75b9d071ff2e2bd08bdc8	placebo group	2	0.022326615086101245	placebo group	c
common_cold	e10814076ff57a9660de3528892eca72e1b47716	placebo group	1	0.018787998189169028	placebo group	c
common_cold	f40a1732387c1d3bc2304ffb17fb65fac011d1af	placebo group	1	0.031755956729279514	placebo group	c
common_cold	0282ec5f43a905a617c0c9fe1ab431dbb71cb73d	pneumonia	1	0.007502848994764207	pneumonia	p
common_cold	7bf3e1ee3e452081d62aa966e900832447e46a9d	pneumonia	1	0.00218804496085719	pneumonia	p
common_cold	beeac9b67f72a77b1b91e30cf33d1e2bb431f78e	pneumonia	1	0.0023345466338258883	pneumonia	p
common_cold	f081b4422f52729fe9b72927173a3157a5ded872	pneumonia	1	0.006733523915110361	pneumonia	p
common_cold	4730531479e4e17e68aa1d2b82ab79b87c028de3	probiotics	1	0.007627078256874797	probiotics	i
common_cold	72a776e91a2b62a773119ea16b7dcf59726a539f	probiotics	5	0.041033356181208985	probiotics	i
common_cold	7e6c32f8f0b6993600bef6c1b7e4fc18c947a4b5	probiotics	2	0.007334763429096588	probiotics	i
common_cold	a7faba006b44be9387e185a04cb623c9b530e751	probiotics	4	0.01338603427378162	probiotics	i
common_cold	e8241d7d885419318059c466a90c9c089fbdc9c1	probiotics	3	0.07011409932834406	probiotics	i
common_cold	6ba0af8a15423a0e9b943003bcce164144eb429e	purulent discharge	1	0.010711906798810731	purulent discharge	i
common_cold	f170c5747c27fdd43eead380dfdb129716f5698e	purulent rhinorrhea	5	0.03896143377377423	purulent rhinorrhea	p
common_cold	4526ce66efebb965b5288bb01bf83d5aa2ecdc03	recurrent acute rhinosinusitis	3	0.0191194865302357	recurrent acute rhinosinusitis	p
common_cold	4526ce66efebb965b5288bb01bf83d5aa2ecdc03	recurrent acute rhinosinusitis episodes	1	0.0573584595907071	recurrent acute rhinosinusitis episodes	p
common_cold	13fac2a99415cbd44f3f57762318a8d8d6f490dd	relieve	2	0.006996838741543919	relieve	o
common_cold	25ccf3395fc30c59db65794d5e013f78d18aa862	relieve	1	0.0021823143358953717	relieve	o
common_cold	bc8751b72349119c04f88b7f5b6e9aa671f0c940	relieve	1	0.002844656465510481	relieve	o
common_cold	d681ba16d6dadbaa25e75b9d071ff2e2bd08bdc8	relieve	1	0.010192286359192388	relieve	o
common_cold	0282ec5f43a905a617c0c9fe1ab431dbb71cb73d	respiratory	1	0.015881463071049567	respiratory	p
common_cold	12fa5fb107c7481e34b801f1c7980a9c20dca5b0	respiratory	1	0.001110116773350622	respiratory	p
common_cold	2b88290194045684aeec654c5de658a51ae56009	respiratory	1	0.0011662728900783347	respiratory	p
common_cold	650aafc93148a52e06d8a57799994e25e2cdc41f	respiratory	1	0.0034385595670952535	respiratory	p
common_cold	65aea57b03b12548b5484d45ed0e2aedf2bfcab5	respiratory	1	0.0045347380786840375	respiratory	p
common_cold	b366e2842d29e3f5c7e05afa0cef1fef25d404ca	respiratory	1	0.0022974955047825344	respiratory	p
common_cold	eba15bcfffc2739b01bbbbcf88871e3b5084a850	respiratory	2	0.010010411083030425	respiratory	p
common_cold	0282ec5f43a905a617c0c9fe1ab431dbb71cb73d	respiratory diseases	7	0.05073281729055426	respiratory diseases	p
common_cold	50bfeca61b425808c97bcb0ec3ed45abb4133835	respiratory infections	2	0.05447519360376426	respiratory infections	p
common_cold	65aea57b03b12548b5484d45ed0e2aedf2bfcab5	respiratory infections	1	0.0037254058364198117	respiratory infections	p
common_cold	a7faba006b44be9387e185a04cb623c9b530e751	respiratory infections	1	0.007561088946863265	respiratory infections	p
common_cold	d1ef83bd13d0af201e8f6a0615b0b86e3639cfca	respiratory infections	1	0.01654630777616972	respiratory infections	p
common_cold	f081b4422f52729fe9b72927173a3157a5ded872	respiratory infections	3	0.054725708906996025	respiratory infections	p
common_cold	0881d4dd5dedec801eb46c417c1c8037b7ee81cd	respiratory tract infections	2	0.05398415402943138	respiratory tract infections	p
common_cold	c5d39983c841cc210b4ca2a5c962b3f9fdc3d266	respiratory tract infections	2	0.010812450085086916	respiratory tract infections	p
common_cold	f1577787548550afdd8f9a7b01a586a83d23a8c4	respiratory tract infections	2	0.019736248348301653	respiratory tract infections	p
common_cold	177eb71442d2ef8dcf2811559a3ff13314275b5e	rhinitis	10	0.019315436406696033	rhinitis	p
common_cold	3989febbc047fe705360ca8a6226291a47ae8310	rhinitis	1	0.005033177915907683	rhinitis	p
common_cold	5a614231e11930ae9d2f1f9da8cfa329c99aebd8	rhinitis	2	0.09271255936053784	rhinitis	p
common_cold	5bbcf96743bca418bf4c995245d0d6f18121ebce	rhinitis	4	0.01120004102781638	rhinitis	p
common_cold	5d114df370827c42dd8d4065ac506bcc8f1521df	rhinitis	2	0.05512198340932461	rhinitis	p
common_cold	70165306327e17901b90a4c1f41629c75412bab4	rhinitis	2	0.0691355284262821	rhinitis	p
common_cold	6d6ce214fdc69f2d1e4afcb26dd6d5f037101cde	rhinorrhea	1	0.008937500293580454	rhinorrhea	p
common_cold	6d6ce214fdc69f2d1e4afcb26dd6d5f037101cde	rhinorrhea	1	0.008937500293580454	rhinorrhea	p
common_cold	e6772dca340b31a4bbb94c4b02b05b24948ad536	rhinorrhea	1	0.006000205433645271	rhinorrhea	p
common_cold	e6772dca340b31a4bbb94c4b02b05b24948ad536	rhinorrhea	1	0.006000205433645271	rhinorrhea	p
common_cold	f170c5747c27fdd43eead380dfdb129716f5698e	rhinorrhea	5	0.019480716886887114	rhinorrhea	p
common_cold	f170c5747c27fdd43eead380dfdb129716f5698e	rhinorrhea	5	0.019480716886887114	rhinorrhea	p
common_cold	25ccf3395fc30c59db65794d5e013f78d18aa862	rhinorrhoea	1	0.009743166895890486	rhinorrhoea	p
common_cold	2b88290194045684aeec654c5de658a51ae56009	rhinorrhoea	1	0.0034412386311247368	rhinorrhoea	p
common_cold	39fd1cdb782227eff03be1c2a67c6e512ff90206	rhinorrhoea	3	0.012488534248632157	rhinorrhoea	p
common_cold	65aea57b03b12548b5484d45ed0e2aedf2bfcab5	rhinorrhoea	1	0.0021695569838817495	rhinorrhoea	p
common_cold	bc8751b72349119c04f88b7f5b6e9aa671f0c940	rhinorrhoea	3	0.012770116848567062	rhinorrhoea	p
common_cold	0735a38429fbd397128b1ab6a0d47e7527a7f5ba	rhinosinusitis	3	0.013708552657336523	rhinosinusitis	p
common_cold	4526ce66efebb965b5288bb01bf83d5aa2ecdc03	rhinosinusitis	8	0.02867922979535355	rhinosinusitis	p
common_cold	6abe8ec12651599aa05f1eccabaf99cf603af32a	rhinosinusitis	1	0.004074240780850305	rhinosinusitis	p
common_cold	6ba0af8a15423a0e9b943003bcce164144eb429e	rhinosinusitis	3	0.011818528259691987	rhinosinusitis	p
common_cold	6d6ce214fdc69f2d1e4afcb26dd6d5f037101cde	rhinosinusitis	6	0.019848195697970163	rhinosinusitis	p
common_cold	956804349d4ec5bf0f0c4028de5e6ad07b03bd6e	rhinosinusitis	1	0.0019530525635219835	rhinosinusitis	p
common_cold	aac63be64b371c7b6d8023af35ea15dc3e29a22d	rhinosinusitis	2	0.0074323458242415265	rhinosinusitis	p
common_cold	eba15bcfffc2739b01bbbbcf88871e3b5084a850	rhinosinusitis	1	0.005103675735519738	rhinosinusitis	p
common_cold	f170c5747c27fdd43eead380dfdb129716f5698e	rhinosinusitis	6	0.023207748338455274	rhinosinusitis	p
common_cold	6abe8ec12651599aa05f1eccabaf99cf603af32a	saline nasal irrigation	2	0.022597679831137328	saline nasal irrigation	i
common_cold	0735a38429fbd397128b1ab6a0d47e7527a7f5ba	shorten	1	0.003424691509632352	shorten	o
common_cold	2fc24d3b2cc765f58086d2b32efed28ef4e3ffc5	shorten	1	0.0036353461619893853	shorten	o
common_cold	3437ebf265ee1cc9c94d9ff7ae7077b9b4d3af58	shorten	2	0.00886849044996181	shorten	o
common_cold	53e44a9e4866193d9cd8143d5da0a6ed78861240	shorten	1	0.0039588998986346555	shorten	o
common_cold	b366e2842d29e3f5c7e05afa0cef1fef25d404ca	shorten	1	0.003388358717842814	shorten	o
common_cold	3437ebf265ee1cc9c94d9ff7ae7077b9b4d3af58	shorter duration	1	0.027031713072253157	shorter duration	o
common_cold	85c257a93e31661cf17a2c4b0c36618b1133c757	shorter duration	2	0.07918322135452936	shorter duration	o
common_cold	25ccf3395fc30c59db65794d5e013f78d18aa862	sneezing	2	0.010544125954646419	sneezing	p
common_cold	2b88290194045684aeec654c5de658a51ae56009	sneezing	1	0.003568834312711987	sneezing	p
common_cold	69936cd35718ac50595ce0741f7c4b5d773c34ea	sneezing	1	0.004590459374141743	sneezing	p
common_cold	9c70c96278b8412ef1e74315f2ed801f789ad177	sneezing	2	0.0027442948662824173	sneezing	p
common_cold	bc8751b72349119c04f88b7f5b6e9aa671f0c940	sneezing	1	0.005276872765241893	sneezing	p
common_cold	bc8751b72349119c04f88b7f5b6e9aa671f0c940	sneezing	2	0.0083893675453079	sneezing	p
common_cold	f40a1732387c1d3bc2304ffb17fb65fac011d1af	sneezing	1	0.006106801056142539	sneezing	p
common_cold	25ccf3395fc30c59db65794d5e013f78d18aa862	sore throat	2	0.015276313412753534	sore throat	p
common_cold	5bbcf96743bca418bf4c995245d0d6f18121ebce	sore throat	1	0.00864032252859869	sore throat	p
common_cold	65aea57b03b12548b5484d45ed0e2aedf2bfcab5	sore throat	1	0.0071068563353197094	sore throat	p
common_cold	f1577787548550afdd8f9a7b01a586a83d23a8c4	sore throat	3	0.016133431947026298	sore throat	p
common_cold	f40a1732387c1d3bc2304ffb17fb65fac011d1af	sore throat	1	0.013047508330670187	sore throat	p
common_cold	65aea57b03b12548b5484d45ed0e2aedf2bfcab5	sore throat immediate antibiotics	1	0.025963987117355754	sore throat immediate antibiotics	i
common_cold	e10814076ff57a9660de3528892eca72e1b47716	standardized ginseng extract	1	0.01640713552623876	standardized ginseng extract	i
common_cold	130a75748ab136b2ded8a44ae96b7dea86d3c541	steam	4	0.0168182075963334	steam	i
common_cold	d48b4269c3052843af4e92a9cd7c592ff5c589bd	steam	1	0.006112269873178522	steam	i
common_cold	f80fc5c282c30868a7d06963c1543b70c40bbfa3	steam	1	0.005881843134103271	steam	i
common_cold	130a75748ab136b2ded8a44ae96b7dea86d3c541	steam inhalation	1	0.0336364151926668	steam inhalation	i
common_cold	d48b4269c3052843af4e92a9cd7c592ff5c589bd	steam inhalation	1	0.017419643644283025	steam inhalation	i
common_cold	f80fc5c282c30868a7d06963c1543b70c40bbfa3	steam inhalation	1	0.016763756636916247	steam inhalation	i
common_cold	5bbcf96743bca418bf4c995245d0d6f18121ebce	streptococcal tonsillitis	2	0.012702898906759182	streptococcal tonsillitis	p
common_cold	f1577787548550afdd8f9a7b01a586a83d23a8c4	symptom duration	2	0.038982007495439834	symptom duration	o
common_cold	f170c5747c27fdd43eead380dfdb129716f5698e	symptom duration	3	0.038257485092287775	symptom duration	o
common_cold	130a75748ab136b2ded8a44ae96b7dea86d3c541	symptom relief	1	0.012657694826563988	symptom relief	o
common_cold	13fac2a99415cbd44f3f57762318a8d8d6f490dd	symptom relief	1	0.024473363709248797	symptom relief	o
common_cold	2fc24d3b2cc765f58086d2b32efed28ef4e3ffc5	symptom relief	1	0.01785695089614876	symptom relief	o
common_cold	e6772dca340b31a4bbb94c4b02b05b24948ad536	symptom relief	1	0.045945728375586	symptom relief	o
common_cold	10c7d86cd68fe41184d6e51f37effdd67ef1b477	taste	1	0.007961039099705306	taste	o
common_cold	3437ebf265ee1cc9c94d9ff7ae7077b9b4d3af58	taste	1	0.0020233543331346013	taste	o
common_cold	99a12701ff4179bb8579c81a21db8e2b8123f0d8	taste	2	0.0073834298708050795	taste	o
common_cold	a247260a6cfe38b2ee9ce81e0a680bddd23e08f3	taste	1	0.005753477598817302	taste	o
common_cold	0735a38429fbd397128b1ab6a0d47e7527a7f5ba	uncomplicated acute rhinosinusitis	1	0.009139035104891014	uncomplicated acute rhinosinusitis	p
common_cold	4526ce66efebb965b5288bb01bf83d5aa2ecdc03	uncomplicated acute rhinosinusitis	1	0.014339614897676775	uncomplicated acute rhinosinusitis	p
common_cold	3181eb070860cc862d7be27f5fa375d4cef44ccd	united states	1	0.04129601664795896	united states	p
common_cold	679d1fe0fd4066dd87bbdb69231d74ea18566061	united states	1	0.008832256489075107	united states	p
common_cold	aac63be64b371c7b6d8023af35ea15dc3e29a22d	united states	2	0.018226929424150218	united states	p
common_cold	d0470e984ca5fdb2482e9b9e0ad7587cc44974e2	united states	1	0.013238023415028282	united states	p
common_cold	f1577787548550afdd8f9a7b01a586a83d23a8c4	united states	1	0.008167840645565399	united states	p
common_cold	7bf3e1ee3e452081d62aa966e900832447e46a9d	upper respiratory tract infection	4	0.026722173171859966	upper respiratory tract infection	p
common_cold	bc8751b72349119c04f88b7f5b6e9aa671f0c940	upper respiratory tract infection	1	0.014050934171420382	upper respiratory tract infection	p
common_cold	d1ef83bd13d0af201e8f6a0615b0b86e3639cfca	upper respiratory tract infection	1	0.00652700845052324	upper respiratory tract infection	p
common_cold	6abe8ec12651599aa05f1eccabaf99cf603af32a	urti symptoms	1	0.02949637571616579	urti symptoms	p
common_cold	c4faf4e6f3ce208c95db7ee70493545f364fd61c	urti symptoms	1	0.03172822337529212	urti symptoms	p
common_cold	177eb71442d2ef8dcf2811559a3ff13314275b5e	urtis	1	0.007421860534496302	urtis	p
common_cold	177eb71442d2ef8dcf2811559a3ff13314275b5e	urtis	1	0.007421860534496302	urtis	p
common_cold	6abe8ec12651599aa05f1eccabaf99cf603af32a	urtis	2	0.005030732016260067	urtis	p
common_cold	6abe8ec12651599aa05f1eccabaf99cf603af32a	urtis	2	0.005030732016260067	urtis	p
common_cold	6abe8ec12651599aa05f1eccabaf99cf603af32a	urtis	4	0.008282999749714137	urtis	p
common_cold	6abe8ec12651599aa05f1eccabaf99cf603af32a	urtis	4	0.008282999749714137	urtis	p
common_cold	a7faba006b44be9387e185a04cb623c9b530e751	urtis	2	0.010557591920406196	urtis	p
common_cold	a7faba006b44be9387e185a04cb623c9b530e751	urtis	2	0.010557591920406196	urtis	p
common_cold	a7faba006b44be9387e185a04cb623c9b530e751	urtis	9	0.015507847842338747	urtis	p
common_cold	a7faba006b44be9387e185a04cb623c9b530e751	urtis	9	0.015507847842338747	urtis	p
common_cold	c4faf4e6f3ce208c95db7ee70493545f364fd61c	urtis	1	0.0399178349763053	urtis	p
common_cold	c4faf4e6f3ce208c95db7ee70493545f364fd61c	urtis	1	0.0399178349763053	urtis	p
common_cold	d1ef83bd13d0af201e8f6a0615b0b86e3639cfca	urtis	4	0.011017631593211412	urtis	p
common_cold	d1ef83bd13d0af201e8f6a0615b0b86e3639cfca	urtis	4	0.011017631593211412	urtis	p
common_cold	10c7d86cd68fe41184d6e51f37effdd67ef1b477	vitamin c	1	0.0036607742634269854	vitamin c	i
common_cold	215b81689e9456a8fdd66e42d10e352725634c60	vitamin c	2	0.031769647826637215	vitamin c	i
common_cold	50bfeca61b425808c97bcb0ec3ed45abb4133835	vitamin c	2	0.027774083398704973	vitamin c	i
common_cold	7e6c32f8f0b6993600bef6c1b7e4fc18c947a4b5	vitamin c	3	0.031018424490426567	vitamin c	i
common_cold	90091a355d8533c59ba4e5b5d4a211019052b8fc	vitamin c	3	0.018066884768761556	vitamin c	i
common_cold	d48b4269c3052843af4e92a9cd7c592ff5c589bd	vitamin c	1	0.025115189467994514	vitamin c	i
common_cold	d505c8cedf02953f92881c7c98289e3d369b0144	vitamin c	10	0.04532646274434721	vitamin c	i
common_cold	eac86e3fff8704609738c27a17b47eed38c7d890	vitamin c	5	0.047309023161723564	vitamin c	i
common_cold	f081b4422f52729fe9b72927173a3157a5ded872	vitamin c	1	0.017835286338640927	vitamin c	i
common_cold	f80fc5c282c30868a7d06963c1543b70c40bbfa3	vitamin c	1	0.024276515043643986	vitamin c	i
common_cold	f081b4422f52729fe9b72927173a3157a5ded872	vitamin c group	2	0.023780381784854566	vitamin c group	i
common_cold	215b81689e9456a8fdd66e42d10e352725634c60	vitamin c intake	4	0.06353929565327443	vitamin c intake	i
common_cold	50bfeca61b425808c97bcb0ec3ed45abb4133835	vitamin c supplementation	2	0.013887041699352487	vitamin c supplementation	i
common_cold	90091a355d8533c59ba4e5b5d4a211019052b8fc	vitamin c supplementation	1	0.0542025624458361	vitamin c supplementation	i
common_cold	d505c8cedf02953f92881c7c98289e3d369b0144	vitamin c supplementation	1	0.009065292548869442	vitamin c supplementation	i
common_cold	f081b4422f52729fe9b72927173a3157a5ded872	vitamin c supplementation	2	0.0713411453545637	vitamin c supplementation	i
common_cold	4bf41674f925a8b7f702f44d34c658b423e518e9	vitamin d3	9	0.05183613079427043	vitamin d3	i
common_cold	2b88290194045684aeec654c5de658a51ae56009	young children	1	0.01587456058301395	young children	p
common_cold	3989febbc047fe705360ca8a6226291a47ae8310	young children	2	0.06829404637357386	young children	p
common_cold	0cd69eed496af51ff6ecd9b2c8e6e81f3886448d	zinc	8	0.02315689617680844	zinc	i
common_cold	10c7d86cd68fe41184d6e51f37effdd67ef1b477	zinc	2	0.0012844940624740138	zinc	i
common_cold	2cb021728bb84f0826a5b185950600629cc2b39a	zinc	13	0.035672419527526894	zinc	i
common_cold	2fc24d3b2cc765f58086d2b32efed28ef4e3ffc5	zinc	8	0.026578833677792003	zinc	i
common_cold	3181eb070860cc862d7be27f5fa375d4cef44ccd	zinc	5	0.02161472404432549	zinc	i
common_cold	3437ebf265ee1cc9c94d9ff7ae7077b9b4d3af58	zinc	5	0.03820745029388074	zinc	i
common_cold	53457a6437b8f6061fca1abfe159e4b0fe7c24c2	zinc	1	0.01351538835883127	zinc	i
common_cold	53e44a9e4866193d9cd8143d5da0a6ed78861240	zinc	13	0.03785527342612681	zinc	i
common_cold	59cecd9ebaf5ec30c455fd9c352a5eb824fe755d	zinc	3	0.02383808928668513	zinc	i
common_cold	684c401f8c2364c9b207b3ef2bd0888184d6394e	zinc	10	0.027410671237816008	zinc	i
common_cold	71c6fc312919d2a780384ab47ab34ffdaff71726	zinc	1	0.06658918412426665	zinc	i
common_cold	74262b81104c8a17875c7444b5d77ff6bc2d9613	zinc	1	0.054124765027702165	zinc	i
common_cold	7e6c32f8f0b6993600bef6c1b7e4fc18c947a4b5	zinc	3	0.010952616165481143	zinc	i
common_cold	99a12701ff4179bb8579c81a21db8e2b8123f0d8	zinc	10	0.03403681488882609	zinc	i
common_cold	a247260a6cfe38b2ee9ce81e0a680bddd23e08f3	zinc	1	0.03138315356893181	zinc	i
common_cold	d0470e984ca5fdb2482e9b9e0ad7587cc44974e2	zinc	5	0.02567409052990559	zinc	i
common_cold	d48b4269c3052843af4e92a9cd7c592ff5c589bd	zinc	1	0.012565223375476149	zinc	i
common_cold	d52933cc53dd3319a5a4a6e41925993bcc982ffa	zinc	19	0.04738171012174682	zinc	i
common_cold	f80fc5c282c30868a7d06963c1543b70c40bbfa3	zinc	1	0.012167562985576294	zinc	i
common_cold	0cd69eed496af51ff6ecd9b2c8e6e81f3886448d	zinc acetate lozenges	4	0.04631379235361688	zinc acetate lozenges	i
common_cold	2cb021728bb84f0826a5b185950600629cc2b39a	zinc acetate lozenges	1	0.07134483905505379	zinc acetate lozenges	i
common_cold	2cb021728bb84f0826a5b185950600629cc2b39a	zinc acetate lozenges	3	0.020881974775671247	zinc acetate lozenges	i
common_cold	a247260a6cfe38b2ee9ce81e0a680bddd23e08f3	zinc acetate lozenges	1	0.02137224307349388	zinc acetate lozenges	i
common_cold	d52933cc53dd3319a5a4a6e41925993bcc982ffa	zinc acetate lozenges	2	0.03430806886501569	zinc acetate lozenges	i
common_cold	3181eb070860cc862d7be27f5fa375d4cef44ccd	zinc gluconate	2	0.04322944808865098	zinc gluconate	i
common_cold	53457a6437b8f6061fca1abfe159e4b0fe7c24c2	zinc gluconate	1	0.01802051781177503	zinc gluconate	i
common_cold	99a12701ff4179bb8579c81a21db8e2b8123f0d8	zinc gluconate	3	0.06807362977765218	zinc gluconate	i
common_cold	d52933cc53dd3319a5a4a6e41925993bcc982ffa	zinc gluconate	2	0.03158780674783122	zinc gluconate	i
common_cold	3181eb070860cc862d7be27f5fa375d4cef44ccd	zinc gluconate lozenges	1	0.027118272810776074	zinc gluconate lozenges	i
common_cold	99a12701ff4179bb8579c81a21db8e2b8123f0d8	zinc gluconate lozenges	4	0.047051479042071694	zinc gluconate lozenges	i
common_cold	a247260a6cfe38b2ee9ce81e0a680bddd23e08f3	zinc gluconate lozenges	3	0.04274448614698776	zinc gluconate lozenges	i
common_cold	d52933cc53dd3319a5a4a6e41925993bcc982ffa	zinc gluconate lozenges	2	0.02287204591001046	zinc gluconate lozenges	i
common_cold	0cd69eed496af51ff6ecd9b2c8e6e81f3886448d	zinc lozenges	4	0.02315689617680844	zinc lozenges	i
common_cold	10c7d86cd68fe41184d6e51f37effdd67ef1b477	zinc lozenges	2	0.0040247029762533046	zinc lozenges	i
common_cold	2cb021728bb84f0826a5b185950600629cc2b39a	zinc lozenges	1	0.010440987387835624	zinc lozenges	i
common_cold	3181eb070860cc862d7be27f5fa375d4cef44ccd	zinc lozenges	1	0.014409816029550328	zinc lozenges	i
common_cold	53e44a9e4866193d9cd8143d5da0a6ed78861240	zinc lozenges	5	0.07571054685225362	zinc lozenges	i
common_cold	59cecd9ebaf5ec30c455fd9c352a5eb824fe755d	zinc lozenges	1	0.062315110976675386	zinc lozenges	i
common_cold	684c401f8c2364c9b207b3ef2bd0888184d6394e	zinc lozenges	3	0.027410671237816008	zinc lozenges	i
common_cold	71c6fc312919d2a780384ab47ab34ffdaff71726	zinc lozenges	1	0.1571065702715156	zinc lozenges	i
common_cold	7e6c32f8f0b6993600bef6c1b7e4fc18c947a4b5	zinc lozenges	2	0.021905232330962286	zinc lozenges	i
common_cold	99a12701ff4179bb8579c81a21db8e2b8123f0d8	zinc lozenges	1	0.023525739521035847	zinc lozenges	i
common_cold	a247260a6cfe38b2ee9ce81e0a680bddd23e08f3	zinc lozenges	8	0.08548897229397552	zinc lozenges	i
common_cold	d52933cc53dd3319a5a4a6e41925993bcc982ffa	zinc lozenges	3	0.09476342024349364	zinc lozenges	i
